id;project_name;start_date;end_date
1;contextually-based Alaska Fresh;Table Micronesia;Center
2;payment utilize Account;Regional;technologies Soft Senior
3;Assistant Bike;Guadeloupe digital;Malagasy Alley Practical
4;solution;Supervisor index Diverse;Brand copying
5;Corners Buckinghamshire Keyboard;Oklahoma;Tennessee Direct Radial
6;magenta;Assurance systemic;International open-source
7;Jewelery application users;back-end;program
8;input;actuating Corporate quantifying;digital parsing
9;Berkshire Vision-oriented empowering;Small Pakistan Directives;bluetooth Borders
10;Metrics;Computer digital matrix;Metal matrix back-end
