id;title;description;start_time;end_time
1;withdrawal Avon rich;payment matrices payment;blockchains;Baby bifurcated
2;responsive Architect Stream;PNG Usability Quality;Licensed Officer;synthesizing
3;optical Squares optical;Shilling Movies;Tasty Handmade Orchestrator;Intelligent programming
4;ADP Executive invoice;navigate Valley Chips;Account;THX Rustic
5;Florida;mission-critical copying;Connecticut;Infrastructure payment Vision-oriented
6;Colombian Bike;Reduced GB;Qatar;toolset magenta homogeneous
7;disintermediate Lodge services;withdrawal Investment;Maryland Congo;SQL
8;Hampshire auxiliary;Soft;silver;Rupiah Guarani deposit
9;Alabama navigating;Investor Chicken;Borders orchid;hacking Ergonomic pixel
10;yellow Account;Mississippi;Unbranded;compressing silver
